time,seconds_elapsed,altitude,speedAccuracy,bearingAccuracy,latitude,altitudeAboveMeanSeaLevel,bearing,horizontalAccuracy,verticalAccuracy,longitude,speed
1790107215000402700,-8.367597412109374,61.436513169668615,0.9474195548438119,75.57813861303734,51.42844124272716,17.846513017080724,17.36635519028298,16.006586695620776,10.639572641603188,5.482467408260979,1.0073637915197102
1790107223428154000,0.060154052734375,61.436513169668615,0.9474195548438119,75.57813861303734,51.42844124272716,17.846513017080724,17.36635519028298,16.006586695620776,10.639572641603188,5.482467408260979,1.0073637915197102
1790107223428334800,0.0603349609375,0,-1,-1,51.42847642963917,17.846513017080724,-1,49.795014,26.979919785444366,5.48237409480236,-1
1790107224046491400,0.678491455078125,62.45819091796875,0.46000000834465027,12.537891391447266,51.42854200215212,18.86819076538086,328.0078125,14,8,5.482433298607806,2.4000000953674316
1790107225000495400,1.632495361328125,62.46588134765625,0.9399999976158142,21.314423220177897,51.428548833403205,18.87588119506836,288.28125,14,4,5.4823581967553885,2.819999933242798
1790107226000502800,2.632502685546875,61.5792236328125,1.850000023841858,34.89716450745516,51.42856932715646,17.98922348022461,277.734375,6.563340753211799,4,5.482285274197796,2.819999933242798
1790107227000509200,3.63250927734375,61.04266357421875,0.6800000071525574,9.50008194204041,51.42858244483492,17.45266342163086,272.109375,4.796103010294782,4,5.482192486529687,3.2100000381469727
1790107228000516400,4.632516357421875,60.9505615234375,0.3799999952316284,5.89431878437172,51.42859174874744,17.36056137084961,271.7578125,4.569961107375713,4,5.482099950318673,4.210000038146973
1790107229000522200,5.632522216796875,60.88592529296875,0.9300000071525574,13.960262064403143,51.42859702934644,17.29592514038086,268.2421875,4.6610313734018805,4,5.4820142034492285,4.329999923706055
1790107230000568800,6.63256884765625,61.20062255859375,1.340000033378601,19.377009326252516,51.42860289667866,17.61062240600586,273.515625,4.889440371478838,4,5.481931893160084,4.449999809265137
1790107231000552200,7.63255224609375,61.58563232421875,1.3899999856948853,19.44401177446305,51.42860968602023,17.99563217163086,273.8671875,5.103842625068912,4,5.4818525165370495,4.449999809265137
1790107232000530200,8.6325302734375,61.54046630859375,1.3200000524520874,18.419968342392206,51.428615679081,17.95046615600586,274.921875,5.225732151841789,4,5.481777498503664,4.570000171661377
1790107233000507400,9.63250732421875,61.53955078125,0.6800000071525574,8.500970407987406,51.42862020530871,17.94955062866211,277.3828125,4.949805032033896,4,5.4817011393657715,4.590000152587891
1790107234000482600,10.632482666015624,61.241455078125,1.090000033378601,13.795601571439768,51.42863076650671,17.65145492553711,280.8984375,4.6790430156580864,4,5.481593264271954,5.130000114440918
1790107235000457200,11.632457275390625,61.156005859375,1.3300000429153442,16.289669906305665,51.42865327191672,17.56600570678711,286.5234375,4.436753163325693,4,5.481519922619203,5.269999980926514
1790107236000434400,12.632434326171875,61.3983154296875,1.3899999856948853,20.5031982373609,51.42868206375412,17.80831527709961,291.796875,4.078593351858239,4,5.481452280660608,5.130000114440918
1790107237000415500,13.63241552734375,61.39831755589694,1.3899999856944372,21.955081380033636,51.42869918488396,17.808317403309047,291.7968214546156,4.748651530192468,4.657146344856863,5.481383793657077,5.130000114439264
1790107238000397000,14.63239697265625,61.34247001167387,1.6100000143046902,28.115482569850847,51.42869216740981,17.752469859085977,279.1405735023304,4.748651530192365,4.7078593695357345,5.4813177649896385,4.639999866484373
1790107239000380400,15.63238037109375,61.28991874214262,1.2000000476833992,20.95563982900548,51.42870792867426,17.699918589554727,286.17182490376473,4.748651530192356,4.6901873138989405,5.4812604650829115,4.639999866484372
1790107240000362800,16.63236279296875,61.0694598313421,0.9100000262257933,15.556099573593018,51.428720974045746,17.47945967875421,281.60151030445195,4.7486515301919585,3.8312610063216677,5.481195167162847,4.739999771116861
1790107241000345600,17.632345703125,61.071535155177116,0.7499999999997785,12.37705768415353,51.428758626336,17.481535002589226,287.2265097806565,4.748651530191974,3.832200211816152,5.481120065937721,4.90999984741066
1790107242000329700,18.632329833984375,62.2095965500921,0.46999999880777776,8.034468758606932,51.42877388484704,18.61959639750421,280.19526005693115,4.748651530191959,3.8348497339901533,5.4810438925462,4.739999771116859
1790107243000314600,19.632314697265624,62.2164936279878,0.9300000071522861,15.441900507115854,51.42879275486444,18.62649347539991,287.9296353060196,4.748651530192516,4.8548065526387285,5.480977407387906,4.880000114439495
1790107244000300300,20.63230029296875,62.70324859023094,1.6599999666210214,31.20818021229729,51.428801103659715,19.11324843764305,289.6874543816724,4.748651530191842,3.5992866981572744,5.480935694164453,4.309999942778561
1790107245000284400,21.632284423828125,62.896791473031044,0.9300000071522874,15.473609448197951,51.42880038758099,19.306791320443153,281.9530714412984,4.748651530191911,3.703273062455795,5.4808544595387785,4.869999885557667
1790107246000269800,22.632269775390625,63.030397430062294,0.6700000166891058,11.223827028160393,51.42881370357121,19.440397277474403,286.52338501503317,4.748651530191889,3.6564516890180223,5.480801769628214,4.869999885557668
1790107247000257000,23.632257080078126,63.02826098445803,0.8500000238416394,15.038035210742153,51.428822844747934,19.43826083187014,285.1171377959126,4.748651530192386,4.776077397023637,5.480742629867883,4.579999923704877
1790107248000245500,24.63224560546875,61.93847826868296,0.8899999856946568,15.745706761215041,51.42881071856306,18.348478116095066,267.53901106168775,4.748651530191912,3.7505302587030855,5.480667824431816,4.57999992370488
1790107249000233200,25.632233154296873,61.68060483597219,1.2499999999996592,21.45881145548966,51.42882127344863,18.0906046833843,278.78901006349685,4.74865153019193,3.771356805227391,5.4805962235404095,4.7199997901903625
1790107250000223000,26.632222900390627,61.60638620518148,0.9999999999997087,16.604193965971394,51.42882930275118,18.01638605259359,279.1405708383783,4.748651530191987,3.8658352013301127,5.480524950163974,4.880000114439496
1790107251000212500,27.63221240234375,62.118288062512875,0.5699999928472764,9.464390441841129,51.428845105310074,18.528287909924984,285.8202597196903,4.74865153019202,3.9336798903536563,5.4804590749759585,4.880000114439495
1790107252000203300,28.632203369140626,61.933717750012875,0.6499999761579525,10.792725682006557,51.42885278500474,18.343717597424984,280.54682106852886,4.748651530192065,4.027730288563026,5.480389876822302,4.880000114439496
1790107253000194600,29.632194580078124,62.22088811174035,0.7200000286100248,12.103837661299055,51.428865152779416,18.63088795915246,283.00775970658265,4.748651530192057,4.025144856575799,5.4803262888843784,4.8200001716600065
1790107254000185900,30.632185791015626,62.66955743730068,0.43999999761569675,7.668662338749639,51.42887264379241,19.07955728471279,281.60151107493925,4.74865153019204,4.029364438188235,5.480271712689193,4.670000076292698
1790107255000178400,31.632178466796876,62.46069543529302,0.9700000286099241,15.50248797979871,51.428887009741445,18.870695282705128,284.0624447138442,4.74865153019209,4.029364438188177,5.480201395351782,5.070000171659781
1790107256000171300,32.63217114257812,60.81176965497434,0.8999999761578589,14.383750928544831,51.428874155077516,17.22176950238645,276.67963089267863,4.74865153019209,4.029364438188177,5.480139271993009,5.070000171659781
1790107257000165000,33.6321650390625,62.79551052581519,1.2301275637078415,22.15898779731138,51.428943504075974,19.2055103732273,284.5572722058859,6.37741324046868,3,5.480110258450557,4.498181815608645
1790107258000159500,34.63215942382813,62.88848268799484,0.8294399105276249,63.54829999620841,51.428944414502624,19.298482535406947,280.6746960530664,3.9687541499551613,3,5.480122415258619,1.2574880204467065
1790107259000153600,35.63215356445313,62.68354625534266,1.4081222875374952,43.043160572421186,51.428933051002105,19.09354610275477,253.06089057976556,3.968754187277134,3,5.480063305115984,2.650780765291218
1790107260000148500,36.6321484375,62.96782345324755,0.8226825671322318,47.276739656113236,51.42895925485455,19.377823300659657,290.7815234849223,3.968754143230375,3,5.480039773802971,1.4098125639399763
1790107261000144100,37.63214404296875,63.0719708353281,1.2808295720596723,36.669563568926364,51.42896018224067,19.48197068274021,275.8210647117574,5.748668259281087,3,5.479974398828721,2.8301543011275516
1790107262000140500,38.632140625,62.97068966180086,0.9933667045382394,54.26411188399943,51.428943740166936,19.38068950921297,264.1792685382827,6.509268821185254,3,5.479942065266894,1.4832094576769839
1790107263000135400,39.63213549804688,62.951575914397836,1.2664663400948708,27.484653026923752,51.42896742013695,19.361575761809945,289.29037236809654,7.708644655472427,3.4711651860040806,5.479860496144257,3.733675050356422
1790107264000130600,40.632130615234374,62.38543988298625,0.7907775024817354,58.57681133084838,51.42895852227907,18.795439730398357,274.00354972667657,8.260184388268225,3.8016764046412392,5.479849815891781,1.2836370929859895
1790107265000128500,41.63212841796875,62.345345916226506,1.1863874847779299,25.451336517082503,51.428957473324985,18.755345763638616,272.45481025656517,8.380281508714601,3.8666385382940023,5.479749113528035,3.777039920765341
1790107266000125400,42.63212548828125,62.99742189515382,0.8312788438337287,57.975208428789,51.42896196026914,19.40742174256593,276.5421760207736,8.500721720169402,3.9273101542007702,5.479725810951879,1.33939646877877
1790107267000122000,43.6321220703125,62.97169982641935,1.2983068246345848,25.7721306352887,51.42898004027504,19.381699673831463,280.0697181965124,9.060467680820933,4.058651741689076,5.4796274010252,4.081857502261459
1790107268000119600,44.63211962890625,63.075109673663974,0.7127915295264745,51.65522913276601,51.428987576954775,19.485109521076083,290.5158485102639,9.437541546347909,4.339367871037909,5.479618504977044,1.5631109704898127
1790107269000117200,45.6321171875,63.60395464953035,1.1045738636377935,25.74245552892355,51.42902215685876,20.01395449694246,303.2512146093848,9.854152027364625,4.564858129657546,5.47955606499765,3.476290395553964
1790107270000115500,46.63211547851562,63.432921714149415,0.967832763183664,47.302023019952536,51.429028412839926,19.842921561561525,299.37889640745556,9.531390376061738,4.672029247917965,5.479531635196643,1.6576958440028653
1790107271000112600,47.632112548828125,64.1449904050678,1.2942214200167244,31.293277891483644,51.42905367115246,20.55499025247991,300.3357603275034,9.42079416645556,4.653105143314288,5.479466981900489,3.3503941300138624
1790107272000110600,48.632110595703125,64.04275215882808,1.0047851041831457,45.2065530131934,51.42906229944395,20.45275200624019,303.7764311545776,9.244970039159913,4.678536413283899,5.479444237773568,1.8002038452887037
1790107273000109300,49.632109375,64.36397903598845,1.0691546897538706,29.06568531382547,51.42909430474068,20.77397888340056,312.16883014858126,9.244969988138237,4.574094919770029,5.4794003223280505,2.9794389614817653
1790107274000107500,50.632107421875,64.45722426753491,0.8089737016952928,42.19783147168545,51.429105459510545,20.86722411494702,317.7799885371064,9.02579081003596,4.464703607175851,5.479377218517568,1.6849576824479204
1790107275000106800,51.632106689453124,64.31276495661587,1.1129238185794874,33.14785171290462,51.42912594224681,20.722764804027975,311.66374094305843,8.74587438364051,4.3220334198626835,5.479323033938291,2.719860106404585
1790107276000106000,52.63210595703125,64.15547949634492,0.6877235566067461,41.15153938222331,51.429137934471555,20.565479343757033,307.19950020031075,8.544477853429571,4.2672577082710195,5.47928447449834,1.6827315846890845
1790107277000104000,53.63210400390625,64.58626755606383,1.0579792670815864,25.981554116353525,51.42916992476132,20.99626740347594,320.7927533104223,8.544477787403286,4.2087605519262645,5.479241184935534,3.2983482621425586
1790107278000103200,54.632103271484375,65.07767770439386,0.7455350239135657,62.83389001483129,51.42917372762548,21.487677551805973,312.1534350551597,8.544477845188675,4.220203269118701,5.4792315334470265,1.1782859795286602
1790107279000102400,55.63210229492187,64.22633522655815,1.181727997543579,28.67287959595126,51.4292122271934,20.63633507397026,336.37540643437245,8.52572375380259,4.1276419401006805,5.479187627058961,3.3392921512453575
1790107280000101000,56.63210107421875,63.93389072921127,0.8291399686955389,61.819486252828995,51.42921438972029,20.34389057662338,329.8918038307578,8.488002480797734,4.107799121880065,5.479170139356928,1.2211272260659398
1790107281000101000,57.63210107421875,64.01227064337581,1.244338938360552,29.025798929361965,51.42924470850169,20.422270490787923,325.7430272051276,9.289800729744451,4.396688859064043,5.479112501727848,3.473506374693554
1790107282000101000,58.63210107421875,63.36750515922904,0.7961241531977248,62.70455536708264,51.42923674880852,19.77750500664115,331.9713383230837,9.98446164623077,4.890378076099626,5.479084039441291,1.1726174467598351
1790107283000100900,59.63210083007812,62.98265608306974,1.3381016693669336,33.19702516831235,51.42925882307587,19.39265593048185,313.83668829162116,10.305690303103972,5.09336233373251,5.478975287738779,3.266063011346443
1790107284000099300,60.632099365234374,63.412486971355975,0.9202819964908036,59.06987666889312,51.42926591982837,19.822486818768084,328.83786124978553,10.45048049762476,5.27243606778144,5.47895961785253,1.2608679460341898
1790107285000099800,61.632099853515626,63.31637641508132,1.314904623666379,28.54366852486701,51.429309188503375,19.72637626249343,332.3714676205482,10.952007979443993,5.543162900803469,5.47889577250201,3.73234878371221
1790107286000099600,62.632099609375,63.06403905246407,0.9341036986649535,60.11326200333602,51.42930740213998,19.474038899876177,332.62310265348276,11.253054743013434,5.8414293531989125,5.478871806752616,1.2584576831857588
1790107287000099000,63.63209912109375,63.05451235175133,1.3208759009052833,29.931957033771607,51.429351788760734,19.464512199163437,341.1487962204667,11.253054745138234,5.739610496218392,5.478828135460019,3.5755436393150046
1790107288000099000,64.63209912109374,63.418057647533715,0.9424357580994089,64.09945633698182,51.4293511047954,19.828057494945824,334.2324481787733,11.416886359998166,5.914531951171521,5.478793719853828,1.1896392303650114
1790107289000099300,65.63209936523438,63.784837789833546,1.1820602574674195,52.96766867312803,51.42936706612508,20.194837637245655,305.8584467336241,11.502495885382908,5.91193269828794,5.478746764974841,1.8060207299966136
1790107290000100600,66.6321005859375,64.13042719010264,1.2678914581929133,59.5435521785917,51.42940177278647,20.540427037514746,348.5296185432388,11.280444527433461,5.752969533368925,5.47872882926102,1.72148376697543
1790107291000099300,67.63209936523438,62.62541539315134,1.1931865264197647,33.90849714033938,51.42945229736097,19.035415240563452,352.80856615665357,11.28044456993458,5.820143733690416,5.478706930388027,2.850754817427937
1790107292000100600,68.6321005859375,62.43496945686638,0.8335713234302565,65.76784321072213,51.429476647121525,18.844969304278493,4.936609248760444,11.559002299023932,5.991425200067906,5.478713880153136,1.1802021170433852
1790107293000100600,69.6321005859375,62.30496575590223,1.3259155055725425,33.99154765553937,51.42953100515004,18.71496560331434,0.05128163904264375,11.437293465691992,5.878002240782509,5.478697697234623,3.1606915616510127
1790107294000102100,70.63210205078126,61.82994784228504,1.0743713163385344,65.15468930040743,51.42954869546394,18.239947689697146,1.9569035819977034,11.437293444341213,6.046759435707595,5.478676249996237,1.3359249414470982
1790107295000102000,71.63210180664062,61.6657237065956,1.2020759779371848,26.944389075388894,51.42961129353317,18.07572355400771,357.98755744241623,12.07792440979466,6.467466861327121,5.478651523998459,3.614916480325451
1790107296000101600,72.6321015625,61.28776238579303,0.6049041092331682,52.21903074817199,51.42963378141869,17.69776223320514,12.782270165232442,11.495405068326063,6.222673547690082,5.478653019744528,1.2178818300788736
1790107297000102000,73.63210180664062,60.68554223142564,1.3951698004513393,32.90178498137432,51.42969210064922,17.095542078837752,12.569788070481025,11.22324615928204,5.680936422847217,5.478665200647938,3.435599649283384
1790107298000103000,74.63210302734375,60.135312953963876,0.614348665822645,59.59722910400514,51.4297146515375,16.545312801375985,0.03885121604584488,11.358207827578903,6.005024479129403,5.478635971165844,1.161499637788458
1790107299000103000,75.63210302734375,60.430073394440114,0.6955962078578393,54.68298389250454,51.42975880945006,16.840073241852224,357.4681524873811,11.006360639714448,5.833258937307328,5.47861523027605,1.469862204225573
1790107300000103400,76.632103515625,60.66765180043876,1.2907348074190543,28.373120256892093,51.42982467857524,17.07765164785087,357.5574289318019,10.966448980062445,5.977120003641881,5.478593236477096,3.686028399944042
1790107301000103400,77.632103515625,60.541344525292516,0.6505919142762522,51.68249046564869,51.42985215199169,16.951344372704625,0.3654818511758129,10.833210397074032,6.030068887752437,5.478586654563076,1.330611648266671
1790107302000105500,78.63210546875,60.71132689341903,1.0938394884936429,43.324529910570654,51.429892336817026,17.121326740831137,6.418465086738538,10.605016121136558,5.873178417119367,5.478576121096635,2.0454271576826586
1790107303000105000,79.63210498046875,60.970636318437755,0.8432209491511206,38.76875930228319,51.42991413449893,17.380636165849864,6.717911620104671,10.371834160296773,5.87321219653228,5.478579421322511,1.7620931371342254
1790107304000106800,80.63210668945312,61.20001841895282,1.0547886888175368,34.76992679480744,51.42994383573816,17.610018266364932,17.224772127437248,10.371834085115568,5.798708729120197,5.478596124714356,2.458021632925919
1790107305000106200,81.63210620117188,61.28971721883863,0.9734490276427612,64.93529151277812,51.429964126496564,17.69971706625074,9.189497949504407,10.656317127313008,5.936468293065447,5.478587161339377,1.2143885655183808
1790107306000107500,82.632107421875,61.318059858866036,1.0743409687323664,24.009688701712474,51.430018912409736,17.728059706278145,358.58802118923825,10.871173189014863,5.935566963295635,5.4785751460625915,3.6255955822154005
1790107307000109300,83.632109375,61.54571190755814,0.6502415963786001,66.81877326121466,51.43002339048715,17.955711754970253,11.359518811977987,10.983042605004073,5.977206353930831,5.478582707453539,1.0516321667690047
1790107308000109600,84.63210961914062,61.56879846844822,1.1920489669856489,26.87530844632895,51.43007553774278,17.97879831586033,9.28041264670999,10.929489722075482,5.764617466196221,5.4785958804776325,3.593945325510789
1790107309000110000,85.63211010742188,61.00276553444564,0.8469481594510866,44.95062507709351,51.430094607464355,17.412765381857753,9.702474425421943,11.204485366431399,6.6014611371635,5.478587338394219,1.5508375018509708
1790107310000111600,86.63211157226563,61.3897386835888,1.191182934035972,34.135251450203064,51.430138024845235,17.799738531000912,358.47518005086147,11.209886482768372,6.231984626776378,5.4785807128169965,2.8275023458188797
1790107311000111600,87.63211157226563,61.08427968621254,1.0726348353337007,60.61629001472081,51.43015981570733,17.49427953362465,8.050793176728762,11.450865488347167,6.123252830718011,5.478583908780748,1.4331418290700981
1790107312000112000,88.63211206054687,61.08225589990616,1.0743172485546488,23.292227142119618,51.4302141053139,17.492255747318268,0.08983152958328335,11.450865394217214,5.948358553412788,5.478577700294753,3.737109326052045
1790107313000113000,89.63211279296875,61.13110832963139,0.777783945964908,17.357543692830678,51.430246538292636,17.541108177043498,1.6111692239169546,11.580679048711762,5.766349668972433,5.47857978334038,3.6305029126720814
1790107314000114200,90.6321142578125,62.00596534553915,1.098163856640127,46.46684443808679,51.43025651255805,18.415965192951262,4.344766258786521,11.736213994820897,5.861212292354492,5.478587394673813,1.914881629673629
1790107315000114400,91.63211450195313,62.49944790452719,0.7699696687265817,17.534389749042237,51.43030558564524,18.909447751939297,8.609898805529951,11.736213924879713,5.631665626196951,5.4785962518804645,3.5580500537590414
1790107316000116200,92.6321162109375,62.52404786925763,0.5888215771005574,11.885857400937082,51.43033574354314,18.93404771666974,358.2709990897907,11.518789676415851,5.897314549584379,5.478582190686558,4.0141240791163195
1790107317000116200,93.6321162109375,64.07037502434105,0.6200000047682331,11.792875147597396,51.430674731477986,20.480374871753156,356.4843720632476,11.518789693296394,9.774017163828763,5.47845291614781,4.260000228880885
1790107318000116700,94.63211669921876,64.29327544942498,0.720000028610065,13.536078974423475,51.43071353044006,20.70327529683709,352.6171812737742,11.518789693296407,9.774017163828749,5.478440159338481,4.309999942778556
1790107319000118800,95.63211889648437,64.543092392385,0.7099999785421602,13.134750995571705,51.43075352625948,20.953092239797115,351.91405557386287,11.518789693296426,9.774017163828725,5.478428451494531,4.380000114439884
1790107320000119300,96.63211938476563,64.56817779224366,0.31000000238411496,7.258974518678811,51.43079110691728,20.97817763965577,349.45311613098966,11.518789693296409,9.774017163828752,5.478412387864112,4.309999942778556
1790107321000119800,97.63211987304688,64.62610004935414,0.6899999976156681,13.472202832616826,51.43082422737104,21.036099896766245,345.5859258862236,11.518789693296368,9.7740171638288,5.4783925325799405,4.150000095366552
1790107322000120300,98.63212036132812,63.11767661571503,0.5799999833106296,15.014858988108314,51.43084567087916,19.527676463127136,342.07030166731124,11.518789693296135,9.774017163829072,5.47837165483521,3.1300001144405405
1790107323000121300,99.63212133789062,63.575196146033704,0.3080157138848229,7.973814902034733,51.43087057584946,19.985195993445814,342.4218643729348,11.518789693296133,9.77401716382907,5.478351885085552,3.1300001144405405
